{"cameraMode":{"drawMode":0,"name":"Shaded","section":"Shading Mode"},"sceneLighting":true,"audioPlay":false,"sceneViewState":{"m_AlwaysRefresh":false,"showFog":true,"showSkybox":true,"showFlares":true,"showImageEffects":true,"showParticleSystems":true,"showVisualEffectGraphs":true,"m_FxEnabled":true},"in2DMode":false,"pivot":{"x":9.902868270874024,"y":2.978740930557251,"z":-11.900434494018555},"rotation":{"x":0.06431116163730622,"y":-0.06670965999364853,"z":0.004308759700506926,"w":0.995688796043396},"size":12.232427597045899,"orthographic":true}